{
	"credit": ["Blockbench","RuiluAdora"],
	"texture_size": [32, 32],
	"textures": {
		"note_block": "block/note_block",
		"background": "block/note_block_note/background"
	},
	"elements": [
		{
			"from": [7.5, 2.5, -0.5],
			"to": [8.5, 13.5, 1.5],
			"rotation": {"angle": 0, "axis": "y", "origin": [8, 8, 8]},
			"faces": {
				"north": {"uv": [0, 0, 1, 1], "texture": "#note_block"},
				"east": {"uv": [0, 0, 1, 1], "texture": "#note_block"},
				"west": {"uv": [0, 0, 1, 1], "texture": "#note_block"},
				"up": {"uv": [0, 0, 1, 1], "texture": "#note_block"},
				"down": {"uv": [0, 0, 1, 1], "texture": "#note_block"}
			}
		},
		{
			"from": [1.5, 7.5, -0.5],
			"to": [14.5, 8.5, 1.5],
			"rotation": {"angle": 0, "axis": "y", "origin": [8, 8, 8]},
			"faces": {
				"north": {"uv": [0, 0, 1, 1], "texture": "#note_block"},
				"east": {"uv": [0, 0, 1, 1], "texture": "#note_block"},
				"west": {"uv": [0, 0, 1, 1], "texture": "#note_block"},
				"up": {"uv": [0, 0, 1, 1], "texture": "#note_block"},
				"down": {"uv": [0, 0, 1, 1], "texture": "#note_block"}
			}
		},
		{
			"from": [13.5, 7.5, -0.5],
			"to": [14.5, 14.5, 1.5],
			"rotation": {"angle": 0, "axis": "y", "origin": [8, 8, 8]},
			"faces": {
				"north": {"uv": [0, 0, 1, 1], "texture": "#note_block"},
				"east": {"uv": [0, 0, 1, 1], "texture": "#note_block"},
				"west": {"uv": [0, 0, 1, 1], "texture": "#note_block"},
				"up": {"uv": [0, 0, 1, 1], "texture": "#note_block"},
				"down": {"uv": [0, 0, 1, 1], "texture": "#note_block"}
			}
		},
		{
			"from": [1.5, 1.5, -0.5],
			"to": [2.5, 8.5, 1.5],
			"rotation": {"angle": 0, "axis": "y", "origin": [8, 8, 8]},
			"faces": {
				"north": {"uv": [0, 0, 1, 1], "texture": "#note_block"},
				"east": {"uv": [0, 0, 1, 1], "texture": "#note_block"},
				"west": {"uv": [0, 0, 1, 1], "texture": "#note_block"},
				"up": {"uv": [0, 0, 1, 1], "texture": "#note_block"},
				"down": {"uv": [0, 0, 1, 1], "texture": "#note_block"}
			}
		},
		{
			"from": [7.5, 13.5, -0.5],
			"to": [14.5, 14.5, 1.5],
			"rotation": {"angle": 0, "axis": "y", "origin": [8, 8, 8]},
			"faces": {
				"north": {"uv": [0, 0, 1, 1], "texture": "#note_block"},
				"east": {"uv": [0, 0, 1, 1], "texture": "#note_block"},
				"west": {"uv": [0, 0, 1, 1], "texture": "#note_block"},
				"up": {"uv": [0, 0, 1, 1], "texture": "#note_block"},
				"down": {"uv": [0, 0, 1, 1], "texture": "#note_block"}
			}
		},
		{
			"from": [1.5, 1.5, -0.5],
			"to": [8.5, 2.5, 1.5],
			"rotation": {"angle": 0, "axis": "y", "origin": [8, 8, 8]},
			"faces": {
				"north": {"uv": [0, 0, 1, 1], "texture": "#note_block"},
				"east": {"uv": [0, 0, 1, 1], "texture": "#note_block"},
				"west": {"uv": [0, 0, 1, 1], "texture": "#note_block"},
				"up": {"uv": [0, 0, 1, 1], "texture": "#note_block"},
				"down": {"uv": [0, 0, 1, 1], "texture": "#note_block"}
			}
		},
		{
			"name": "background",
			"from": [2.5, 2.5, -0.1],
			"to": [7.5, 7.5, 1.9],
			"rotation": {"angle": 0, "axis": "y", "origin": [8, 8, 8]},
			"faces": {
				"north": {"uv": [0, 0, 0, 0], "texture": "#background"}
			}
		},
		{
			"name": "background",
			"from": [8.5, 8.5, -0.1],
			"to": [13.5, 13.5, 1.9],
			"rotation": {"angle": 0, "axis": "y", "origin": [8, 8, 8]},
			"faces": {
				"north": {"uv": [0, 0, 0, 0], "texture": "#background"}
			}
		},
		{
			"name": "note",
			"from": [3, 3.5, -0.3],
			"to": [7, 6.5, 1.7],
			"rotation": {"angle": 0, "axis": "y", "origin": [8, 8, 8]},
			"faces": {
				"north": {"uv": [0, 8, 11, 15], "texture": "#note"}
			}
		},
		{
			"name": "note",
			"from": [9, 9.5, -0.3],
			"to": [13, 12.5, 1.7],
			"rotation": {"angle": 0, "axis": "y", "origin": [8, 8, 8]},
			"faces": {
				"north": {"uv": [0, 0, 11, 7], "texture": "#note"}
			}
		},
		{
			"from": [-0.5, 2.5, 7.5],
			"to": [1.5, 13.5, 8.5],
			"rotation": {"angle": 0, "axis": "y", "origin": [8, 8, 8]},
			"faces": {
				"north": {"uv": [0, 0, 1, 1], "texture": "#note_block"},
				"south": {"uv": [0, 0, 1, 1], "texture": "#note_block"},
				"west": {"uv": [0, 0, 1, 1], "texture": "#note_block"},
				"up": {"uv": [0, 0, 1, 1], "rotation": 270, "texture": "#note_block"},
				"down": {"uv": [0, 0, 1, 1], "rotation": 90, "texture": "#note_block"}
			}
		},
		{
			"from": [-0.5, 7.5, 1.5],
			"to": [1.5, 8.5, 14.5],
			"rotation": {"angle": 0, "axis": "y", "origin": [8, 8, 8]},
			"faces": {
				"north": {"uv": [0, 0, 1, 1], "texture": "#note_block"},
				"south": {"uv": [0, 0, 1, 1], "texture": "#note_block"},
				"west": {"uv": [0, 0, 1, 1], "texture": "#note_block"},
				"up": {"uv": [0, 0, 1, 1], "rotation": 270, "texture": "#note_block"},
				"down": {"uv": [0, 0, 1, 1], "rotation": 90, "texture": "#note_block"}
			}
		},
		{
			"from": [-0.5, 7.5, 1.5],
			"to": [1.5, 14.5, 2.5],
			"rotation": {"angle": 0, "axis": "y", "origin": [8, 8, 8]},
			"faces": {
				"north": {"uv": [0, 0, 1, 1], "texture": "#note_block"},
				"south": {"uv": [0, 0, 1, 1], "texture": "#note_block"},
				"west": {"uv": [0, 0, 1, 1], "texture": "#note_block"},
				"up": {"uv": [0, 0, 1, 1], "rotation": 270, "texture": "#note_block"},
				"down": {"uv": [0, 0, 1, 1], "rotation": 90, "texture": "#note_block"}
			}
		},
		{
			"from": [-0.5, 1.5, 13.5],
			"to": [1.5, 8.5, 14.5],
			"rotation": {"angle": 0, "axis": "y", "origin": [8, 8, 8]},
			"faces": {
				"north": {"uv": [0, 0, 1, 1], "texture": "#note_block"},
				"south": {"uv": [0, 0, 1, 1], "texture": "#note_block"},
				"west": {"uv": [0, 0, 1, 1], "texture": "#note_block"},
				"up": {"uv": [0, 0, 1, 1], "rotation": 270, "texture": "#note_block"},
				"down": {"uv": [0, 0, 1, 1], "rotation": 90, "texture": "#note_block"}
			}
		},
		{
			"from": [-0.5, 13.5, 1.5],
			"to": [1.5, 14.5, 8.5],
			"rotation": {"angle": 0, "axis": "y", "origin": [8, 8, 8]},
			"faces": {
				"north": {"uv": [0, 0, 1, 1], "texture": "#note_block"},
				"south": {"uv": [0, 0, 1, 1], "texture": "#note_block"},
				"west": {"uv": [0, 0, 1, 1], "texture": "#note_block"},
				"up": {"uv": [0, 0, 1, 1], "rotation": 270, "texture": "#note_block"},
				"down": {"uv": [0, 0, 1, 1], "rotation": 90, "texture": "#note_block"}
			}
		},
		{
			"from": [-0.5, 1.5, 7.5],
			"to": [1.5, 2.5, 14.5],
			"rotation": {"angle": 0, "axis": "y", "origin": [8, 8, 8]},
			"faces": {
				"north": {"uv": [0, 0, 1, 1], "texture": "#note_block"},
				"south": {"uv": [0, 0, 1, 1], "texture": "#note_block"},
				"west": {"uv": [0, 0, 1, 1], "texture": "#note_block"},
				"up": {"uv": [0, 0, 1, 1], "rotation": 270, "texture": "#note_block"},
				"down": {"uv": [0, 0, 1, 1], "rotation": 90, "texture": "#note_block"}
			}
		},
		{
			"name": "background",
			"from": [-0.1, 2.5, 8.5],
			"to": [1.9, 7.5, 13.5],
			"rotation": {"angle": 0, "axis": "y", "origin": [8, 8, 8]},
			"faces": {
				"west": {"uv": [0, 0, 0, 0], "texture": "#background"}
			}
		},
		{
			"name": "background",
			"from": [-0.1, 8.5, 2.5],
			"to": [1.9, 13.5, 7.5],
			"rotation": {"angle": 0, "axis": "y", "origin": [8, 8, 8]},
			"faces": {
				"west": {"uv": [0, 0, 0, 0], "texture": "#background"}
			}
		},
		{
			"name": "note",
			"from": [-0.3, 3.5, 9],
			"to": [1.7, 6.5, 13],
			"rotation": {"angle": 0, "axis": "y", "origin": [8, 8, 8]},
			"faces": {
				"west": {"uv": [0, 8, 11, 15], "texture": "#note"}
			}
		},
		{
			"name": "note",
			"from": [-0.3, 9.5, 3],
			"to": [1.7, 12.5, 7],
			"rotation": {"angle": 0, "axis": "y", "origin": [8, 8, 8]},
			"faces": {
				"west": {"uv": [0, 0, 11, 7], "texture": "#note"}
			}
		},
		{
			"from": [7.5, 2.5, 14.5],
			"to": [8.5, 13.5, 16.5],
			"rotation": {"angle": 0, "axis": "y", "origin": [8, 8, 8]},
			"faces": {
				"east": {"uv": [0, 0, 1, 1], "texture": "#note_block"},
				"south": {"uv": [0, 0, 1, 1], "texture": "#note_block"},
				"west": {"uv": [0, 0, 1, 1], "texture": "#note_block"},
				"up": {"uv": [0, 0, 1, 1], "rotation": 180, "texture": "#note_block"},
				"down": {"uv": [0, 0, 1, 1], "rotation": 180, "texture": "#note_block"}
			}
		},
		{
			"from": [1.5, 7.5, 14.5],
			"to": [14.5, 8.5, 16.5],
			"rotation": {"angle": 0, "axis": "y", "origin": [8, 8, 8]},
			"faces": {
				"east": {"uv": [0, 0, 1, 1], "texture": "#note_block"},
				"south": {"uv": [0, 0, 1, 1], "texture": "#note_block"},
				"west": {"uv": [0, 0, 1, 1], "texture": "#note_block"},
				"up": {"uv": [0, 0, 1, 1], "rotation": 180, "texture": "#note_block"},
				"down": {"uv": [0, 0, 1, 1], "rotation": 180, "texture": "#note_block"}
			}
		},
		{
			"from": [1.5, 7.5, 14.5],
			"to": [2.5, 14.5, 16.5],
			"rotation": {"angle": 0, "axis": "y", "origin": [8, 8, 8]},
			"faces": {
				"east": {"uv": [0, 0, 1, 1], "texture": "#note_block"},
				"south": {"uv": [0, 0, 1, 1], "texture": "#note_block"},
				"west": {"uv": [0, 0, 1, 1], "texture": "#note_block"},
				"up": {"uv": [0, 0, 1, 1], "rotation": 180, "texture": "#note_block"},
				"down": {"uv": [0, 0, 1, 1], "rotation": 180, "texture": "#note_block"}
			}
		},
		{
			"from": [13.5, 1.5, 14.5],
			"to": [14.5, 8.5, 16.5],
			"rotation": {"angle": 0, "axis": "y", "origin": [8, 8, 8]},
			"faces": {
				"east": {"uv": [0, 0, 1, 1], "texture": "#note_block"},
				"south": {"uv": [0, 0, 1, 1], "texture": "#note_block"},
				"west": {"uv": [0, 0, 1, 1], "texture": "#note_block"},
				"up": {"uv": [0, 0, 1, 1], "rotation": 180, "texture": "#note_block"},
				"down": {"uv": [0, 0, 1, 1], "rotation": 180, "texture": "#note_block"}
			}
		},
		{
			"from": [1.5, 13.5, 14.5],
			"to": [8.5, 14.5, 16.5],
			"rotation": {"angle": 0, "axis": "y", "origin": [8, 8, 8]},
			"faces": {
				"east": {"uv": [0, 0, 1, 1], "texture": "#note_block"},
				"south": {"uv": [0, 0, 1, 1], "texture": "#note_block"},
				"west": {"uv": [0, 0, 1, 1], "texture": "#note_block"},
				"up": {"uv": [0, 0, 1, 1], "rotation": 180, "texture": "#note_block"},
				"down": {"uv": [0, 0, 1, 1], "rotation": 180, "texture": "#note_block"}
			}
		},
		{
			"from": [7.5, 1.5, 14.5],
			"to": [14.5, 2.5, 16.5],
			"rotation": {"angle": 0, "axis": "y", "origin": [8, 8, 8]},
			"faces": {
				"east": {"uv": [0, 0, 1, 1], "texture": "#note_block"},
				"south": {"uv": [0, 0, 1, 1], "texture": "#note_block"},
				"west": {"uv": [0, 0, 1, 1], "texture": "#note_block"},
				"up": {"uv": [0, 0, 1, 1], "rotation": 180, "texture": "#note_block"},
				"down": {"uv": [0, 0, 1, 1], "rotation": 180, "texture": "#note_block"}
			}
		},
		{
			"name": "background",
			"from": [8.5, 2.5, 14.1],
			"to": [13.5, 7.5, 16.1],
			"rotation": {"angle": 0, "axis": "y", "origin": [8, 8, 8]},
			"faces": {
				"south": {"uv": [0, 0, 0, 0], "texture": "#background"}
			}
		},
		{
			"name": "background",
			"from": [2.5, 8.5, 14.1],
			"to": [7.5, 13.5, 16.1],
			"rotation": {"angle": 0, "axis": "y", "origin": [8, 8, 8]},
			"faces": {
				"south": {"uv": [0, 0, 0, 0], "texture": "#background"}
			}
		},
		{
			"name": "note",
			"from": [9, 3.5, 14.3],
			"to": [13, 6.5, 16.3],
			"rotation": {"angle": 0, "axis": "y", "origin": [8, 8, 8]},
			"faces": {
				"south": {"uv": [0, 8, 11, 15], "texture": "#note"}
			}
		},
		{
			"name": "note",
			"from": [3, 9.5, 14.3],
			"to": [7, 12.5, 16.3],
			"rotation": {"angle": 0, "axis": "y", "origin": [8, 8, 8]},
			"faces": {
				"south": {"uv": [0, 0, 11, 7], "texture": "#note"}
			}
		},
		{
			"from": [14.5, 2.5, 7.5],
			"to": [16.5, 13.5, 8.5],
			"rotation": {"angle": 0, "axis": "y", "origin": [8, 8, 8]},
			"faces": {
				"north": {"uv": [0, 0, 1, 1], "texture": "#note_block"},
				"east": {"uv": [0, 0, 1, 1], "texture": "#note_block"},
				"south": {"uv": [0, 0, 1, 1], "texture": "#note_block"},
				"up": {"uv": [0, 0, 1, 1], "rotation": 90, "texture": "#note_block"},
				"down": {"uv": [0, 0, 1, 1], "rotation": 270, "texture": "#note_block"}
			}
		},
		{
			"from": [14.5, 7.5, 1.5],
			"to": [16.5, 8.5, 14.5],
			"rotation": {"angle": 0, "axis": "y", "origin": [8, 8, 8]},
			"faces": {
				"north": {"uv": [0, 0, 1, 1], "texture": "#note_block"},
				"east": {"uv": [0, 0, 1, 1], "texture": "#note_block"},
				"south": {"uv": [0, 0, 1, 1], "texture": "#note_block"},
				"up": {"uv": [0, 0, 1, 1], "rotation": 90, "texture": "#note_block"},
				"down": {"uv": [0, 0, 1, 1], "rotation": 270, "texture": "#note_block"}
			}
		},
		{
			"from": [14.5, 7.5, 13.5],
			"to": [16.5, 14.5, 14.5],
			"rotation": {"angle": 0, "axis": "y", "origin": [8, 8, 8]},
			"faces": {
				"north": {"uv": [0, 0, 1, 1], "texture": "#note_block"},
				"east": {"uv": [0, 0, 1, 1], "texture": "#note_block"},
				"south": {"uv": [0, 0, 1, 1], "texture": "#note_block"},
				"up": {"uv": [0, 0, 1, 1], "rotation": 90, "texture": "#note_block"},
				"down": {"uv": [0, 0, 1, 1], "rotation": 270, "texture": "#note_block"}
			}
		},
		{
			"from": [14.5, 1.5, 1.5],
			"to": [16.5, 8.5, 2.5],
			"rotation": {"angle": 0, "axis": "y", "origin": [8, 8, 8]},
			"faces": {
				"north": {"uv": [0, 0, 1, 1], "texture": "#note_block"},
				"east": {"uv": [0, 0, 1, 1], "texture": "#note_block"},
				"south": {"uv": [0, 0, 1, 1], "texture": "#note_block"},
				"up": {"uv": [0, 0, 1, 1], "rotation": 90, "texture": "#note_block"},
				"down": {"uv": [0, 0, 1, 1], "rotation": 270, "texture": "#note_block"}
			}
		},
		{
			"from": [14.5, 13.5, 7.5],
			"to": [16.5, 14.5, 14.5],
			"rotation": {"angle": 0, "axis": "y", "origin": [8, 8, 8]},
			"faces": {
				"north": {"uv": [0, 0, 1, 1], "texture": "#note_block"},
				"east": {"uv": [0, 0, 1, 1], "texture": "#note_block"},
				"south": {"uv": [0, 0, 1, 1], "texture": "#note_block"},
				"up": {"uv": [0, 0, 1, 1], "rotation": 90, "texture": "#note_block"},
				"down": {"uv": [0, 0, 1, 1], "rotation": 270, "texture": "#note_block"}
			}
		},
		{
			"from": [14.5, 1.5, 1.5],
			"to": [16.5, 2.5, 8.5],
			"rotation": {"angle": 0, "axis": "y", "origin": [8, 8, 8]},
			"faces": {
				"north": {"uv": [0, 0, 1, 1], "texture": "#note_block"},
				"east": {"uv": [0, 0, 1, 1], "texture": "#note_block"},
				"south": {"uv": [0, 0, 1, 1], "texture": "#note_block"},
				"up": {"uv": [0, 0, 1, 1], "rotation": 90, "texture": "#note_block"},
				"down": {"uv": [0, 0, 1, 1], "rotation": 270, "texture": "#note_block"}
			}
		},
		{
			"name": "background",
			"from": [14.1, 2.5, 2.5],
			"to": [16.1, 7.5, 7.5],
			"rotation": {"angle": 0, "axis": "y", "origin": [8, 8, 8]},
			"faces": {
				"east": {"uv": [0, 0, 0, 0], "texture": "#background"}
			}
		},
		{
			"name": "background",
			"from": [14.1, 8.5, 8.5],
			"to": [16.1, 13.5, 13.5],
			"rotation": {"angle": 0, "axis": "y", "origin": [8, 8, 8]},
			"faces": {
				"east": {"uv": [0, 0, 0, 0], "texture": "#background"}
			}
		},
		{
			"name": "note",
			"from": [14.3, 3.5, 3],
			"to": [16.3, 6.5, 7],
			"rotation": {"angle": 0, "axis": "y", "origin": [8, 8, 8]},
			"faces": {
				"east": {"uv": [0, 8, 11, 15], "texture": "#note"}
			}
		},
		{
			"name": "note",
			"from": [14.3, 9.5, 9],
			"to": [16.3, 12.5, 13],
			"rotation": {"angle": 0, "axis": "y", "origin": [8, 8, 8]},
			"faces": {
				"east": {"uv": [0, 0, 11, 7], "texture": "#note"}
			}
		}
	],
	"groups": [
		{
			"name": "side",
			"origin": [8, 8, 8],
			"color": 0,
			"children": [
				{
					"name": "cube",
					"origin": [8, 8, 8],
					"color": 0,
					"children": [0, 1, 2, 3, 4, 5]
				},
				{
					"name": "background",
					"origin": [8, 8, 8],
					"color": 0,
					"children": [6, 7]
				},
				{
					"name": "note",
					"origin": [8, 8, 8],
					"color": 0,
					"children": [8, 9]
				}
			]
		},
		{
			"name": "side",
			"origin": [8, 8, 8],
			"color": 0,
			"children": [
				{
					"name": "cube",
					"origin": [8, 8, 8],
					"color": 0,
					"children": [10, 11, 12, 13, 14, 15]
				},
				{
					"name": "background",
					"origin": [8, 8, 8],
					"color": 0,
					"children": [16, 17]
				},
				{
					"name": "note",
					"origin": [8, 8, 8],
					"color": 0,
					"children": [18, 19]
				}
			]
		},
		{
			"name": "side",
			"origin": [8, 8, 8],
			"color": 0,
			"children": [
				{
					"name": "cube",
					"origin": [8, 8, 8],
					"color": 0,
					"children": [20, 21, 22, 23, 24, 25]
				},
				{
					"name": "background",
					"origin": [8, 8, 8],
					"color": 0,
					"children": [26, 27]
				},
				{
					"name": "note",
					"origin": [8, 8, 8],
					"color": 0,
					"children": [28, 29]
				}
			]
		},
		{
			"name": "side",
			"origin": [8, 8, 8],
			"color": 0,
			"children": [
				{
					"name": "cube",
					"origin": [8, 8, 8],
					"color": 0,
					"children": [30, 31, 32, 33, 34, 35]
				},
				{
					"name": "background",
					"origin": [8, 8, 8],
					"color": 0,
					"children": [36, 37]
				},
				{
					"name": "note",
					"origin": [8, 8, 8],
					"color": 0,
					"children": [38, 39]
				}
			]
		}
	]
}