{
	"credit": ["Blockbench","RuiluAdora"],
	"texture_size": [32, 32],
	"textures": {
		"note_block": "block/note_block"
	},
	"elements": [
		{
			"from": [2, 15, 2],
			"to": [3, 17, 14],
			"faces": {
				"north": {"uv": [0, 0, 0.5, 8], "texture": "#note_block"},
				"east": {"uv": [0, 0, 0.5, 8], "texture": "#note_block"},
				"south": {"uv": [0, 0, 0.5, 8], "texture": "#note_block"},
				"west": {"uv": [0, 0, 0.5, 8], "texture": "#note_block"},
				"up": {"uv": [0, 0, 0.5, 8], "texture": "#note_block"}
			}
		},
		{
			"from": [13, 15, 2],
			"to": [14, 17, 14],
			"faces": {
				"north": {"uv": [0, 0, 0.5, 8], "texture": "#note_block"},
				"east": {"uv": [0, 0, 0.5, 8], "texture": "#note_block"},
				"south": {"uv": [0, 0, 0.5, 8], "texture": "#note_block"},
				"west": {"uv": [0, 0, 0.5, 8], "texture": "#note_block"},
				"up": {"uv": [0, 0, 0.5, 8], "texture": "#note_block"}
			}
		},
		{
			"from": [2, 15, 2],
			"to": [14, 17, 3],
			"faces": {
				"north": {"uv": [0, 0, 0.5, 8], "texture": "#note_block"},
				"east": {"uv": [0, 0, 0.5, 8], "texture": "#note_block"},
				"south": {"uv": [0, 0, 0.5, 8], "texture": "#note_block"},
				"west": {"uv": [0, 0, 0.5, 8], "texture": "#note_block"},
				"up": {"uv": [0, 0, 0.5, 8], "texture": "#note_block"}
			}
		},
		{
			"from": [2, 15, 13],
			"to": [14, 17, 14],
			"faces": {
				"north": {"uv": [0, 0, 0.5, 8], "texture": "#note_block"},
				"east": {"uv": [0, 0, 0.5, 8], "texture": "#note_block"},
				"south": {"uv": [0, 0, 0.5, 8], "texture": "#note_block"},
				"west": {"uv": [0, 0, 0.5, 8], "texture": "#note_block"},
				"up": {"uv": [0, 0, 0.5, 8], "texture": "#note_block"}
			}
		},
		{
			"name": "harp",
			"from": [3, 15.5, 3],
			"to": [13, 16.5, 13],
			"faces": {
				"up": {"uv": [0, 0, 16, 16], "texture": "#harp"}
			}
		}
	],
	"groups": [
		{
			"name": "up",
			"origin": [8, 8, 8],
			"color": 0,
			"children": [0, 1, 2, 3, 4]
		}
	]
}