{
	"credit": ["Blockbench","RuiluAdora"],
	"texture_size": [32, 32],
	"textures": {
		"background": "block/note_block_note/background",
		"note_block": "block/note_block"
	},
	"elements": [
		{
			"name": "note",
			"from": [3.5, 8.2, 9],
			"to": [12.5, 14.2, 9],
			"rotation": {"angle": 0, "axis": "y", "origin": [8, 8, 7.5]},
			"faces": {
				"south": {"uv": [0, 0, 11, 7], "texture": "#note"}
			}
		},
		{
			"name": "note",
			"from": [3.5, 1.8, 9],
			"to": [12.5, 7.8, 9],
			"rotation": {"angle": 0, "axis": "y", "origin": [8, 8, 7.5]},
			"faces": {
				"south": {"uv": [0, 8, 11, 15], "texture": "#note"}
			}
		},
		{
			"name": "background",
			"from": [2.5, 1.5, 7.7],
			"to": [13.5, 14.5, 8.7],
			"rotation": {"angle": 0, "axis": "y", "origin": [8, 8, 7.5]},
			"faces": {
				"north": {"uv": [0, 0, 0.67, 0.67], "texture": "#background"},
				"east": {"uv": [0, 0, 0.67, 0.67], "texture": "#background"},
				"south": {"uv": [0, 0, 0.67, 0.67], "texture": "#background"},
				"west": {"uv": [0, 0, 0.67, 0.67], "texture": "#background"},
				"up": {"uv": [0, 0, 0.67, 0.67], "texture": "#background"},
				"down": {"uv": [0, 0, 0.67, 0.67], "texture": "#background"}
			}
		},
		{
			"name": "note_block",
			"from": [0, 0, 7.5],
			"to": [16, 16, 8.5],
			"rotation": {"angle": 0, "axis": "y", "origin": [8, 8, 7.5]},
			"faces": {
				"north": {"uv": [0, 0, 16, 16], "texture": "#note_block"},
				"east": {"uv": [0, 0, 1, 16], "texture": "#note_block"},
				"south": {"uv": [0, 0, 16, 16], "texture": "#note_block"},
				"west": {"uv": [0, 0, 1, 16], "texture": "#note_block"},
				"up": {"uv": [0, 0, 16, 1], "texture": "#note_block"},
				"down": {"uv": [0, 0, 16, 1], "texture": "#note_block"}
			}
		}
	],
	"gui_light": "front",
	"display": {
		"thirdperson_righthand": {
			"translation": [0, 2, 0.5],
			"scale": [0.25, 0.25, 0.25]
		},
		"thirdperson_lefthand": {
			"translation": [0, 2, 1],
			"scale": [0.25, 0.25, 0.25]
		},
		"firstperson_righthand": {
			"rotation": [0, -45, 0],
			"translation": [15, -5, -20]
		},
		"firstperson_lefthand": {
			"rotation": [0, -45, 0],
			"translation": [15, -5, -20]
		},
		"ground": {
			"scale": [0.5, 0.5, 0.5]
		},
		"head": {
			"rotation": [90, 180, 0],
			"translation": [0, 6.5, 0],
			"scale": [0.81, 0.81, 1]
		},
		"fixed": {
			"rotation": [0, 180, 0]
		}
	},
	"groups": [
		{
			"name": "group",
			"origin": [8, 8, 8],
			"color": 0,
			"children": [0, 1, 2, 3]
		}
	]
}